mnth,cnt
Jan 2011,38189
Feb 2011,48215
Mar 2011,64045
Apr 2011,94870
Mei 2011,135821
Jun 2011,143512
Jul 2011,141341
Aug 2011,136691
Sep 2011,127418
Okt 2011,123511
Nov 2011,102167
Des 2011,87323
Jan 2012,96744
Feb 2012,103137
Mar 2012,164875
Apr 2012,174224
Mei 2012,195865
Jun 2012,202830
Jul 2012,203607
Aug 2012,214503
Sep 2012,218573
Okt 2012,198841
Nov 2012,152664
Des 2012,123713
Jan 2013,[210809.63072464]
Feb 2013,[216262.56942029]
